{
    "cumulative_timesteps": 44500000,
    "cumulative_model_updates": 4450,
    "policy_average_reward": 35.07248453770834,
    "epoch": 443,
    "ts_since_last_save": 500000,
    "reward_running_stats": {
        "mean": [
            2.9300575829212376
        ],
        "var": [
            18330797.02480574
        ],
        "shape": [
            1
        ],
        "count": 66750
    }
}