{
    "cumulative_timesteps": 200000,
    "cumulative_model_updates": 20,
    "policy_average_reward": 1.1866474709817219,
    "epoch": 1,
    "ts_since_last_save": 200000,
    "reward_running_stats": {
        "mean": [
            -1.0658164024353027
        ],
        "var": [
            24760.111328125
        ],
        "shape": [
            1
        ],
        "count": 300
    }
}