{
    "cumulative_timesteps": 92000000,
    "cumulative_model_updates": 9200,
    "policy_average_reward": 24.23684917268836,
    "epoch": 916,
    "ts_since_last_save": 500000,
    "reward_running_stats": {
        "mean": [
            6.50407128200147
        ],
        "var": [
            77291913.9333343
        ],
        "shape": [
            1
        ],
        "count": 138000
    }
}