{
    "cumulative_timesteps": 32000000,
    "cumulative_model_updates": 3200,
    "policy_average_reward": 26.598047190074855,
    "epoch": 319,
    "ts_since_last_save": 500000,
    "reward_running_stats": {
        "mean": [
            2.3765552043914795
        ],
        "var": [
            10407739.0
        ],
        "shape": [
            1
        ],
        "count": 48000
    }
}